17,azubuud01,Udoka Azubuike,2024,84,1.9,0.316284896234012,extreme
21,baldwpa01,Patrick Baldwin Jr.,2024,69,0.3,0.2399516822039476,extreme
27,barlodo01,Dominick Barlow,2024,61,1.8,0.2363010021753148,extreme
31,bassech01,Charles Bassey,2024,77,2.8,0.3065944882168324,extreme
38,beaucma01,MarJon Beauchamp,2024,100,1.1,0.3582319255826162,extreme
46,blackan01,Anthony Black,2024,69,1.6,0.2604241231488295,extreme
54,bostobr01,Brandon Boston Jr.,2024,105,0.3,0.3626789549312203,extreme
56,bouknja01,James Bouknight,2024,79,-0.3,0.2645937723972189,extreme
65,brookar01,Armoni Brooks,2024,84,0.5,0.2942376521395238,extreme
69,browngr01,Greg Brown III,2024,70,0.3,0.2433607731130385,extreme
80,butleja02,Jared Butler,2024,88,1.1,0.3173228346735253,extreme
84,camarto01,Toumani Camara,2024,70,2.0,0.2701324266563455,extreme
92,champju02,Julian Champagnie,2024,91,2.2,0.3448729420464673,extreme
93,champju01,Justin Champagnie,2024,56,1.1,0.2082319255826162,extreme
94,chrisma02,Max Christie,2024,108,1.2999999999999998,0.388654259154556,extreme
105,coulibi01,Bilal Coulibaly,2024,63,0.4,0.2210719398990084,extreme
116,davisjo06,Johnny Davis,2024,78,-0.4,0.2596098783385216,extreme
121,diakima01,Mamadi Diakite,2024,55,0.9000000000000001,0.2016732283743127,extreme
123,dickgr01,Gradey Dick,2024,60,0.3,0.2092698640221294,extreme
124,diengou01,Ousmane Dieng,2024,72,0.8,0.2580529706792518,extreme
141,elliske01,Keon Ellis,2024,73,2.5,0.2882337151316498,extreme
163,garubus01,Usman Garuba,2024,105,2.3,0.3941750179233463,extreme
164,garzalu01,Luka Garza,2024,85,2.3,0.3259931997415282,extreme
166,georgke01,Keyonte George,2024,75,-0.3,0.2509574087608552,extreme
182,greenaj01,A.J. Green,2024,91,1.9,0.3401485325976484,extreme
189,griffaj01,AJ Griffin,2024,92,1.8000000000000005,0.341982820357133,extreme
209,hawkijo01,Jordan Hawkins,2024,67,1.3,0.2488815318818288,extreme
241,jacksan01,Andre Jackson Jr.,2024,57,1.0,0.2100662133421008,extreme
248,jackstr02,Trayce Jackson-Davis,2024,68,4.8,0.3074087330271401,extreme
250,jaqueja01,Jaime Jaquez Jr.,2024,75,4.0,0.3186739441939261,extreme
252,jeffrda01,DaQuan Jeffries,2024,64,0.5,0.2260558339577056,extreme
260,johnske07,Keon Johnson,2024,82,-0.9,0.2653722262268538,extreme
272,jovicni01,Nikola Jović,2024,61,2.1,0.2410254116241337,extreme
283,krejcvi01,Vit Krejci,2024,81,1.2999999999999998,0.2966088046091015,extreme
287,laravja01,Jake LaRavia,2024,70,1.5,0.2622584109083141,extreme
299,livelde01,Dereck Lively II,2024,55,4.9,0.2646653543585647,extreme
300,liveris01,Isaiah Livers,2024,94,1.6,0.3456513958761022,extreme
324,mayssk01,Skylar Mays,2024,105,2.2,0.39260021477374,extreme
332,mcgowbr01,Bryce McGowens,2024,105,0.7,0.3689781675296455,extreme
338,micicva01,Vasilije Micić,2024,60,0.4,0.2108446671717357,extreme
340,millebr02,Brandon Miller,2024,74,0.8,0.2648711524974336,extreme
365,murrakr01,Kris Murray,2024,62,0.7,0.2223872584387364,extreme
373,nixda01,Daishen Nix,2024,96,-1.4,0.305225483206095,extreme
386,omorueu01,Eugene Omoruyi,2024,87,1.3,0.3170633500636469,extreme
399,podzibr01,Brandin Podziemski,2024,74,4.1,0.3168396564344415,extreme
423,reathdu01,Duop Reath,2024,68,2.4,0.269613457436589,extreme
434,robinor01,Orlando Robinson,2024,67,2.0,0.2599051539290729,extreme
442,ryanma01,Matt Ryan,2024,63,0.8,0.2273711524974336,extreme
444,samanlu01,Luka Šamanić,2024,86,0.1,0.2947566213592804,extreme
450,sassema01,Marcus Sasser,2024,71,0.9,0.2562186829197672,extreme
460,sheppbe01,Ben Sheppard,2024,57,0.8,0.2069166070428882,extreme
480,sprinja01,Jaden Springer,2024,67,0.8999999999999999,0.2425823192834035,extreme
489,taylote01,Terry Taylor,2024,95,3.0,0.3711077308796813,extreme
491,terryda01,Dalen Terry,2024,97,1.3,0.351154259154556,extreme
495,thompam01,Amen Thompson,2024,62,4.3,0.2790801718245632,extreme
496,thompau01,Ausar Thompson,2024,63,1.8,0.2431191839934966,extreme
527,wallaca01,Cason Wallace,2024,82,4.0,0.3425375805575625,extreme
533,waterli01,Lindy Waters III,2024,104,2.8,0.3986399427622869,extreme
535,watsope01,Peyton Watson,2024,103,2.8,0.395230851853196,extreme
536,wembavi01,Victor Wembanyama,2024,71,3.7,0.3003131711087436,extreme
537,weslebl01,Blake Wesley,2024,98,-0.7000000000000001,0.3230672870715209,extreme
554,willima07,Mark Williams,2024,62,4.9,0.288528990722201,extreme
557,willivi01,Vince Williams Jr.,2024,67,2.6999999999999997,0.270928775976317,extreme
562,windldy01,Dylan Windler,2024,101,1.6,0.3695150322397386,extreme
579,burtode02,Deonte Burton,2023,73,-0.4,0.2425644238028128,extreme
595,dorsety01,Tyler Dorsey,2023,107,1.1,0.3820955619559982,extreme
615,johnsal02,Alize Johnson,2023,76,1.2,0.2779885469237863,extreme
618,joneska01,Kai Jones,2023,67,0.7,0.2394327129939366,extreme
624,kolokch01,Christian Koloko,2023,58,1.7,0.2244989263081815,extreme
625,lamban01,Anthony Lamb,2023,88,2.6,0.3409448819273654,extreme
636,okpalkz01,KZ Okpala,2023,98,1.0,0.3498389406245737,extreme
647,silvach01,Chris Silva,2023,70,1.8,0.2669828203668786,extreme
655,washidu02,Duane Washington Jr.,2023,79,-0.5,0.2614441661077519,extreme
678,brazdig01,Ignas Brazdeikis,2022,64,0.5,0.2260558339806066,extreme
687,chiozch01,Chris Chiozza,2022,91,0.8,0.3228256979748801,extreme
691,cookty01,Tyler Cook,2022,65,1.5,0.2452129563857605,extreme
702,doumbse01,Sekou Doumbouya,2022,96,-0.4,0.320973514725059,extreme
704,edwarca01,Carsen Edwards,2022,72,0.3,0.2501789549541213,extreme
706,ellebcj01,CJ Elleby,2022,88,0.5,0.3078740157987884,extreme
731,howarma02,Markus Howard,2022,68,0.0,0.2318181818689387,extreme
734,hutchch01,Chandler Hutchison,2022,103,1.2,0.3700340014823962,extreme
752,martike03,Kelan Martin,2022,96,0.6000000000000001,0.336721546221122,extreme
765,muldemy01,Mychal Mulder,2022,84,1.1,0.3036864710600626,extreme
773,onimi01,Miye Oni,2022,80,1.0,0.2884753042740926,extreme
807,wallaty01,Tyrone Wallace,2022,112,0.0999999999999998,0.383392985018545,extreme
829,cabocbr01,Bruno Caboclo,2021,105,1.5,0.3815765927671546,extreme
833,ellenhe01,Henry Ellenson,2021,83,0.3,0.287678954971879,extreme
844,jamesju01,Justin James,2021,72,0.2,0.2486041518222727,extreme
854,masonfr01,Frank Mason III,2021,103,1.2,0.3700340015001539,extreme
857,mellini01,Nicolò Melli,2021,105,2.4,0.3957498211136113,extreme
894,broekry01,Ryan Broekhoff,2020,59,1.2000000000000002,0.2200340015241243,extreme
940,okoboel01,Elie Okobo,2020,108,0.5,0.3760558340223348,extreme
942,pargoje01,Jeremy Pargo,2020,86,-0.8,0.2805833930774529,extreme
950,spellom01,Omari Spellman,2020,95,2.4,0.3616589120466727,extreme
951,swanica01,Caleb Swanigan,2020,75,-0.2,0.2525322119750907,extreme
953,trieral01,Allonzo Trier,2020,88,1.4,0.3220472441869733,extreme
963,abrinal01,Álex Abrines,2019,174,4.9,0.6703471726373688,extreme
964,acyqu01,Quincy Acy,2019,337,8.6,1.28429670735462,extreme
969,bakerro01,Ron Baker,2019,96,0.3,0.331997136846388,extreme
971,bayleje01,Jerryd Bayless,2019,586,18.8,2.2937902649780986,extreme
974,blakean01,Antonio Blakeney,2019,76,-0.5,0.2512168934677195,extreme
978,brookma01,MarShon Brooks,2019,200,3.3,0.7337866858800317,extreme
979,brownlo01,Lorenzo Brown,2019,103,-0.1,0.3495615606115992,extreme
981,canaais01,Isaiah Canaan,2019,235,4.199999999999999,0.8672780960446701,extreme
985,clarkia01,Ian Clark,2019,330,4.300000000000001,1.1927165355579128,extreme
989,davisde01,Deyonta Davis,2019,107,3.6,0.4214656407833959,extreme
998,farieke01,Kenneth Faried,2019,478,38.7,2.238994273567934,extreme
1000,fredeji01,Jimmer Fredette,2019,241,2.2,0.8562365785070897,extreme
1009,harrian01,Andrew Harrison,2019,145,3.2,0.5447118827304253,extreme
1017,jenkijo01,John Jenkins,2019,171,2.9,0.62862383691797,extreme
1020,johnswe01,Wesley Johnson,2019,609,10.7,2.24464030076908,extreme
1022,joneste01,Terrence Jones,2019,234,14.7,1.0292233358442406,extreme
1025,leuerjo01,Jon Leuer,2019,377,13.1,1.4915264854505397,extreme
1026,linje01,Jeremy Lin,2019,480,23.4,2.004867573496352,extreme
1033,macksh01,Shelvin Mack,2019,456,10.299999999999995,1.716750179079745,extreme
1034,martija01,Jarell Martin,2019,184,3.2,0.6776664281849707,extreme
1037,meeksjo01,Jodie Meeks,2019,539,24.199999999999996,2.218602362329566,extreme
1038,mejrisa01,Salah Mejri,2019,204,8.100000000000001,0.8230136006974976,extreme
1039,mirotni01,Nikola Mirotić,2019,319,20.9,1.4166338583925584,extreme
1040,moreler01,Eric Moreland,2019,83,2.3,0.3191750180203322,extreme
1041,motiedo01,Donatas Motiejūnas,2019,251,7.2,0.9690676450783136,extreme
1045,plumlmi01,Miles Plumlee,2019,346,10.7,1.3480493916781704,extreme
1046,pondequ01,Quincy Pondexter,2019,355,9.7,1.3629831783639257,extreme
1049,rabbiv01,Ivan Rabb,2019,85,3.3,0.341741231334577,extreme
1050,richama01,Malachi Richardson,2019,70,-0.1,0.2370615606115992,extreme
1054,simmojo02,Jonathon Simmons,2019,258,6.199999999999999,0.977183249945887,extreme
1057,teodomi01,Miloš Teodosić,2019,60,1.2999999999999998,0.2250178956151783,extreme
1059,udohek01,Ekpe Udoh,2019,384,10.6,1.4760200430740185,extreme
1060,ulisty01,Tyler Ulis,2019,133,0.4999999999999999,0.4612831067819643,extreme
1065,willial03,Alan Williams,2019,67,2.5000000000000004,0.2677791697740903,extreme
1067,willitr02,Troy Williams,2019,72,1.3,0.2659269865242692,extreme
1068,yabusgu01,Guerschon Yabusele,2019,74,1.1,0.2695955620432385,extreme
1071,aldrico01,Cole Aldrich,2018,339,9.599999999999998,1.3068629207125415,extreme
1073,arthuda01,Darrell Arthur,2018,503,12.5,1.9116231211420336,extreme
1075,asikom01,Ömer Aşık,2018,471,20.8,1.9332408734684472,extreme
1076,babbilu01,Luke Babbitt,2018,381,7.1000000000000005,1.4106746601542024,extreme
1078,blackta01,Tarik Black,2018,220,7.699999999999999,0.871259842688204,extreme
1081,booketr01,Trevor Booker,2018,532,26.1,2.224659985852127,extreme
1084,brownbo02,Bobby Brown,2018,158,-1.2,0.5197387260096069,extreme
1085,brownma02,Markel Brown,2018,113,1.1,0.402550107541461,extreme
1086,brussni01,Nicolás Brussino,2018,58,0.6,0.2071760917934295,extreme
1095,crawfjo02,Jordan Crawford,2018,281,6.300000000000001,1.0571671440482613,extreme
1096,delanma01,Malcolm Delaney,2018,127,1.1,0.4502773802687337,extreme
1100,ennisty01,Tyler Ennis,2018,186,1.3,0.65456335020431,extreme
1101,evansje01,Jeremy Evans,2018,250,8.1,0.9798317825593564,extreme
1110,hillida01,Darrun Hilliard,2018,91,0.3,0.3149516823446106,extreme
1111,huestjo01,Josh Huestis,2018,76,0.7,0.2701145313066722,extreme
1121,kilpase01,Sean Kilpatrick,2018,157,2.6,0.5761721547855555,extreme
1122,kuzmimi01,Mindaugas Kuzminskas,2018,69,1.2,0.2541249106910672,extreme
1123,larkish01,Shane Larkin,2018,256,4.4,0.9420186114784688,extreme
1124,lauvejo01,Joffrey Lauvergne,2018,208,5.199999999999999,0.7909806730389557,extreme
1125,liggide01,DeAndre Liggins,2018,177,1.6,0.6286059414713107,extreme
1127,mcadoja01,James Michael McAdoo,2018,111,2.4000000000000004,0.4162043666681611,extreme
1129,mcculch01,Chris McCullough,2018,59,0.6000000000000001,0.2105851827025203,extreme
1131,mcrobjo01,Josh McRoberts,2018,433,18.5,1.7674749464820485,extreme
1132,mickejo01,Jordan Mickey,2018,64,0.5,0.2260558340983686,extreme
1135,mozgoti01,Timofey Mozgov,2018,454,17.800000000000004,1.828042233525713,extreme
1136,muhamsh01,Shabazz Muhammad,2018,278,8.400000000000002,1.0800107374627208,extreme
1139,noguelu01,Lucas Nogueira,2018,141,6.000000000000001,0.5751700073267151,extreme
1140,obryajo01,Johnny O'Bryant,2018,147,0.1999999999999999,0.5042859701040951,extreme
1145,paulbr01,Brandon Paul,2018,64,0.5,0.2260558340983686,extreme
1146,paynead01,Adreian Payne,2018,107,-0.6,0.3553239085436084,extreme
1156,reedwi02,Willie Reed,2018,152,6.3,0.6173944167755341,extreme
1159,singlky01,Kyle Singler,2018,356,10.1,1.3726914819151188,extreme
1163,stoneju01,Julyan Stone,2018,70,1.0,0.2543843953009456,extreme
1164,taylois01,Isaiah Taylor,2018,71,0.6,0.2514942736116112,extreme
1165,teaguma01,Marquis Teague,2018,91,-0.8999999999999999,0.296054044549335,extreme
1166,teletmi01,Mirza Teletović,2018,324,8.799999999999999,1.243128131879328,extreme
1168,vaughra01,Rashad Vaughn,2018,139,-0.6000000000000001,0.4644148176345175,extreme
1170,weartr01,Travis Wear,2018,68,-0.0999999999999999,0.2302433788370945,extreme
1175,whiteis01,Isaiah Whitehead,2018,89,-0.9,0.2892358627311532,extreme
1177,wilkida02,Damien Wilkins,2018,582,12.099999999999998,2.17464209036179,extreme
1178,willide02,Derrick Williams,2018,428,14.2,1.6827129565035226,extreme
1181,witheje01,Jeff Withey,2018,206,6.699999999999999,0.8077845384648683,extreme
1182,woltena01,Nate Wolters,2018,84,0.8999999999999999,0.300536864878612,extreme
1183,wrighbr03,Brandan Wright,2018,428,26.2,1.8716893344562784,extreme
1184,youngja01,James Young,2018,95,0.8,0.3364620617290057,extreme
1185,youngjo01,Joe Young,2018,127,0.3,0.4376789550718833,extreme
1186,zipsepa01,Paul Zipser,2018,98,-0.0999999999999999,0.3325161061098217,extreme
1187,ajincal01,Alexis Ajinça,2017,293,7.600000000000001,1.1185486759611918,extreme
1188,allenla01,Lavoy Allen,2017,388,13.8,1.5400501076004187,extreme
1190,anderal01,Alan Anderson,2017,330,7.2,1.23838582699913,extreme
1191,anthojo01,Joel Anthony,2017,490,15.5,1.9145490338709985,extreme
1195,bennean01,Anthony Bennett,2017,151,0.4999999999999999,0.5226467432482356,extreme
1198,chrisse01,Semaj Christon,2017,64,0.1,0.2197566215589013,extreme
1199,coleno01,Norris Cole,2017,360,3.0,1.274516821988393,extreme
1201,douglto01,Toney Douglas,2017,394,12.3,1.5368826058108698,extreme
1204,farmajo01,Jordan Farmar,2017,504,13.8,1.935504653054964,extreme
1208,geeal01,Alonzo Gee,2017,417,9.6,1.5727720116805903,extreme
1209,goodwar01,Archie Goodwin,2017,165,1.2,0.5813976380227525,extreme
1210,hamilju01,Justin Hamilton,2017,113,3.7,0.4434949894901826,extreme
1213,harrima01,Manny Harris,2017,93,0.0999999999999999,0.3186202579225377,extreme
1215,hendege02,Gerald Henderson,2017,535,18.299999999999997,2.1120526129690655,extreme
1217,hilljo01,Jordan Hill,2017,409,16.5,1.6541607017306978,extreme
1218,huertma01,Marcelo Huertas,2017,76,-0.2,0.2559413030191733,extreme
1221,jonesda02,Dahntay Jones,2017,624,9.9,2.283178239311227,extreme
1223,kellyry01,Ryan Kelly,2017,163,3.1,0.6045007160470902,extreme
1228,lucasjo02,John Lucas III,2017,242,3.4000000000000004,0.8785433073140909,extreme
1230,mcdankj01,K.J. McDaniels,2017,148,1.2999999999999998,0.5250178957178132,extreme
1232,millsel01,Elijah Millsap,2017,69,0.4,0.2415264855531747,extreme
1233,morroan01,Anthony Morrow,2017,564,23.1,2.2865068005138047,extreme
1235,nealga01,Gary Neal,2017,352,10.8,1.370078740384957,extreme
1236,nichoan01,Andrew Nicholson,2017,285,3.9,1.0330082321530314,extreme
1237,novakst01,Steve Novak,2017,467,14.6,1.821966714615451,extreme
1242,pricero01,Ronnie Price,2017,544,3.8,1.9143879744579704,extreme
1243,roberbr01,Brian Roberts,2017,314,7.4,1.1869899787528884,extreme
1244,robinth01,Thomas Robinson,2017,313,4.5,1.137911596505215,extreme
1245,rodrise01,Sergio Rodríguez,2017,353,4.3,1.2711256265696385,extreme
1246,rudezda01,Damjan Rudež,2017,146,1.5,0.5213493201988441,extreme
1247,rushbr01,Brandon Rush,2017,481,11.2,1.8161506802561096,extreme
1248,sandela01,Larry Sanders,2017,238,10.3,0.973568361000562,extreme
1250,serapke01,Kevin Séraphin,2017,423,5.8999999999999995,1.5349588405997028,extreme
1251,splitti01,Tiago Splitter,2017,355,25.2,1.6070776666555369,extreme
1255,sullija01,Jared Sullinger,2017,269,15.3,1.157990336662695,extreme
1257,thompho01,Hollis Thompson,2017,265,6.5,1.005771295860977,extreme
1258,thornma01,Marcus Thornton,2017,483,19.9,1.9599767360900393,extreme
1261,vasqugr01,Greivis Vásquez,2017,401,12.7,1.5670454547729311,extreme
1262,vujacsa01,Sasha Vujačić,2017,581,15.9,2.2310755191966964,extreme
1264,wilcocj01,C.J. Wilcox,2017,66,0.0999999999999999,0.226574803377083,extreme
1266,willire02,Reggie Williams,2017,206,6.4,0.8030601290750072,extreme
1272,amundlo01,Lou Amundson,2016,428,6.8999999999999995,1.5677523267208051,extreme
1273,anderja01,James Anderson,2016,247,3.3,0.8940139587895239,extreme
1275,pendeje02,Jeff Ayres,2016,237,6.3999999999999995,0.9087419473364102,extreme
1277,bargnan01,Andrea Bargnani,2016,550,18.8,2.1710629924330456,extreme
1278,blairde01,DeJuan Blair,2016,424,19.0,1.744667144186804,extreme
1284,budinch01,Chase Budinger,2016,407,13.8,1.6048228349527307,extreme
1288,copelch01,Chris Copeland,2016,171,2.9000000000000004,0.6286238371001897,extreme
1290,cunnija01,Jared Cunningham,2016,84,0.2,0.2895132429699106,extreme
1296,ezelife01,Festus Ezeli,2016,170,5.9,0.6724588406792879,extreme
1302,hairspj02,P.J. Hairston,2016,111,0.8999999999999999,0.3925823195626092,extreme
1303,hamiljo02,Jordan Hamilton,2016,151,3.0,0.5620168220679779,extreme
1304,hansbty01,Tyler Hansbrough,2016,428,20.2,1.777201145618443,extreme
1306,hicksjj01,J.J. Hickson,2016,534,21.8,2.16376163237578,extreme
1308,holliry01,Ryan Hollins,2016,518,10.499999999999998,1.9312634219248137,extreme
1310,jeffeco01,Cory Jefferson,2016,58,0.9,0.211900501380791,extreme
1311,johnsch04,Chris Johnson,2016,147,3.5,0.5562544741796457,extreme
1312,johnsor01,Orlando Johnson,2016,103,1.4,0.3731836080379134,extreme
1314,karasse01,Sergey Karasev,2016,95,0.9,0.3380368650171546,extreme
1318,marshke01,Kendall Marshall,2016,160,1.0000000000000002,0.56120257725767,extreme
1320,mayooj01,O.J. Mayo,2016,547,21.9,2.2096546173435683,extreme
1321,mccalra01,Ray McCallum,2016,154,2.1,0.5580708664487939,extreme
1326,papanko01,Kostas Papanikolaou,2016,69,0.4,0.2415264856327594,extreme
1327,pekovni01,Nikola Peković,2016,271,18.8,1.219926628796682,extreme
1329,pressph01,Phil Pressey,2016,148,0.8,0.5171438800493665,extreme
1330,prigipa01,Pablo Prigioni,2016,270,10.4,1.084234073320662,extreme
1333,sacrero01,Robert Sacre,2016,189,2.4,0.6821134577157947,extreme
1334,simshe01,Henry Sims,2016,135,4.6,0.5326682179162241,extreme
1335,sloando01,Donald Sloan,2016,218,4.1,0.807748747622738,extreme
1336,smithgr02,Greg Smith,2016,149,5.4,0.5929939158403472,extreme
1342,weemsso01,Sonny Weems,2016,183,0.1,0.6254384398203043,extreme
1344,williel01,Elliot Williams,2016,109,0.7,0.3826145314452147,extreme
1346,wroteto01,Tony Wroten,2016,145,-1.2999999999999998,0.4738457411803615,extreme
1347,adrieje01,Jeff Adrien,2015,153,4.3999999999999995,0.590882248088076,extreme
1349,anticpe01,Pero Antić,2015,113,2.9,0.4308965644803452,extreme
1350,barroea01,Earl Barron,2015,140,-0.7,0.4662491056399729,extreme
1355,brownsh01,Shannon Brown,2015,408,9.3,1.5373657842369663,extreme
1356,bynumwi01,Will Bynum,2015,360,6.8999999999999995,1.3359341450100517,extreme
1357,calatni01,Nick Calathes,2015,129,2.6,0.4807176095769808,extreme
1360,clarkea01,Earl Clark,2015,261,2.8,0.9338672158761934,extreme
1361,clavevi01,Victor Claver,2015,80,0.2,0.2758768794409751,extreme
1364,daviebr01,Brandon Davies,2015,78,0.3,0.2706335007723995,extreme
1365,davisgl01,Glen Davis,2015,514,18.6,2.0451861135139886,extreme
1367,dayeau01,Austin Daye,2015,293,4.5,1.0697297785104096,extreme
1368,dorsejo01,Joey Dorsey,2015,130,2.8000000000000003,0.4872763067852843,extreme
1369,douglch01,Chris Douglas-Roberts,2015,222,5.3999999999999995,0.8418575523114118,extreme
1372,fieldla01,Landry Fields,2015,255,10.5,1.034672512941333,extreme
1374,freeljo01,Joel Freeland,2015,151,3.2,0.5651664284746186,extreme
1375,garcifr01,Francisco García,2015,549,18.3,2.1597798858833515,extreme
1381,henryxa01,Xavier Henry,2015,185,0.6000000000000001,0.6401306374939457,extreme
1383,hummero01,Robbie Hummel,2015,98,1.9,0.3640121693479185,extreme
1384,jamesbe01,Bernard James,2015,92,1.7999999999999998,0.3419828207437667,extreme
1387,jonespe01,Perry Jones,2015,143,1.7,0.5142716539577968,extreme
1388,jordaje01,Jerome Jordan,2015,65,1.7,0.2483625630487059,extreme
1395,martica01,Cartier Martin,2015,243,3.8,0.88825161100862,extreme
1400,millequ01,Quincy Miller,2015,69,-0.1,0.2336524699921561,extreme
1401,morrida01,Darius Morris,2015,132,-0.4,0.4437007878160645,extreme
1403,pargoja01,Jannero Pargo,2015,499,4.8999999999999995,1.778301718381562,extreme
1404,priceaj01,A.J. Price,2015,261,4.7,0.9637884757187132,extreme
1406,randosh01,Shavlik Randolph,2015,146,2.3,0.5339477455827074,extreme
1411,shvedal01,Alexey Shved,2015,182,3.2,0.6708482466564368,extreme
1412,stiemgr01,Greg Stiemsma,2015,203,6.0,0.7865336439363223,extreme
1413,tayloje03,Jeff Taylor,2015,132,1.2999999999999998,0.4704724413593716,extreme
1414,telfase01,Sebastian Telfair,2015,564,4.8999999999999995,1.999892627472471,extreme
1416,thomaty01,Tyrus Thomas,2015,402,12.900000000000002,1.5736041521682478,extreme
1417,turiaro01,Ronny Turiaf,2015,473,19.3,1.9164370082885056,extreme
1419,walkebi01,Henry Walker,2015,181,4.9,0.6942108092906529,extreme
1423,willish03,Shawne Williams,2015,314,6.8,1.1775411600422636,extreme
1424,wrighdo01,Dorell Wright,2015,549,25.999999999999996,2.2810397284030364,extreme
1426,armsthi01,Hilton Armstrong,2014,292,3.9,1.0568718688486938,extreme
1427,ayongu01,Gustavo Ayón,2014,135,5.1,0.5405422339166966,extreme
1430,biedran01,Andris Biedriņš,2014,516,30.799999999999997,2.244130279729152,extreme
1432,blatcan01,Andray Blatche,2014,564,19.300000000000004,2.226664281160791,extreme
1434,brewero02,Ronnie Brewer,2014,502,30.4,2.190103794403454,extreme
1435,bynuman01,Andrew Bynum,2014,418,37.400000000000006,2.013976378512259,extreme
1436,childjo01,Josh Childress,2014,391,25.799999999999997,1.7392537586124734,extreme
1439,decolna01,Nando De Colo,2014,119,2.3,0.4419022911822657,extreme
1441,elyme01,Melvin Ely,2014,375,3.8,1.3382516111536331,extreme
1445,garredi02,Diante Garrett,2014,90,-1.0,0.2910701508816214,extreme
1446,gomesry01,Ryan Gomes,2014,487,19.3,1.9641642811607911,extreme
1447,grayaa01,Aaron Gray,2014,318,6.1,1.180153901776396,extreme
1448,harrejo01,Josh Harrellson,2014,75,2.0999999999999996,0.2887526848830531,extreme
1452,iveyro01,Royal Ivey,2014,492,4.6,1.7497136727141196,extreme
1459,jonesso01,Solomon Jones,2014,281,5.0,1.0366947034943632,extreme
1461,lambdo01,Doron Lamb,2014,100,0.0999999999999999,0.3424838946181999,extreme
1463,masonro01,Roger Mason,2014,518,12.9,1.9690586977678064,extreme
1464,maynoer01,Eric Maynor,2014,267,3.3,0.9621957772237832,extreme
1467,moultar01,Arnett Moultrie,2014,59,1.7,0.2279080177391733,extreme
1468,mulleby01,Byron Mullens,2014,189,0.5000000000000001,0.652192198125716,extreme
1474,odengr01,Greg Oden,2014,105,7.3,0.4729151759353079,extreme
1478,poweljo01,Josh Powell,2014,316,2.5,1.1166428065723872,extreme
1479,randoan01,Anthony Randolph,2014,252,5.800000000000001,0.9504294923275772,extreme
1482,singlch01,Chris Singleton,2014,148,2.2,0.5391911243962958,extreme
1487,thabeha01,Hasheem Thabeet,2014,224,4.8,0.8392269153769686,extreme
1489,tinslja01,Jamaal Tinsley,2014,547,17.3,2.1372136727141196,extreme
1490,tylerje01,Jeremy Tyler,2014,104,0.2,0.3576950614041698,extreme
1492,veselja01,Jan Veselý,2014,162,4.0,0.6152648538164819,extreme
1496,whitedj01,D.J. White,2014,138,3.8,0.5302970656990874,extreme
1500,beaubro01,Rodrigue Beaubois,2013,182,4.800000000000001,0.6960450973908975,extreme
1503,carroma01,Matt Carroll,2013,459,10.9,1.7364262713350636,extreme
1505,cookda02,Daequan Cook,2013,328,4.9,1.1953471732677765,extreme
1506,curryed01,Eddy Curry,2013,527,21.8,2.139897996460332,extreme
1507,daniema01,Marquis Daniels,2013,548,16.6,2.1295991417717137,extreme
1508,delfica01,Carlos Delfino,2013,507,22.6,2.0843146034753643,extreme
1510,diopde01,DeSagana Diop,2013,601,12.8,2.2504384402684923,extreme
1513,ebankde01,Devin Ebanks,2013,63,0.6,0.2242215469256147,extreme
1515,gelabmi01,Mickaël Gelabale,2013,145,3.0,0.5415622770616204,extreme
1516,gibsoda01,Daniel Gibson,2013,397,15.9,1.6038027924517422,extreme
1517,haddaha01,Hamed Haddadi,2013,151,1.6999999999999995,0.541544381571284,extreme
1521,haywala01,Lazar Hayward,2013,72,0.3,0.250178955658614,extreme
1528,jenkich01,Charles Jenkins,2013,110,0.5,0.3828740165032811,extreme
1529,johnsch03,Chris Johnson,2013,71,1.4,0.2640926993951923,extreme
1530,johnsiv01,Ivan Johnson,2013,125,4.5,0.4970025061238967,extreme
1531,jonesde01,DeQuan Jones,2013,63,0.1,0.2163475311775832,extreme
1532,jonesdo02,Dominique Jones,2013,80,0.2,0.275876879781735,extreme
1536,kleizli01,Linas Kleiza,2013,409,13.6,1.6084914109198882,extreme
1538,mcguido01,Dominic McGuire,2013,342,4.2,1.232050823947805,extreme
1540,milicda01,Darko Miličić,2013,468,6.999999999999999,1.705690766682236,extreme
1545,pavloal01,Sasha Pavlović,2013,567,6.8,2.0400411603830233,extreme
1546,petrojo01,Johan Petro,2013,473,5.6,1.7006889771332023,extreme
1547,pietrmi01,Mickaël Piétrus,2013,557,19.7,2.209099857591327,extreme
1549,quinnch01,Chris Quinn,2013,241,5.3,0.9050554767752926,extreme
1552,roybr01,Brandon Roy,2013,326,37.5,1.7019148182212482,extreme
1553,samuesa01,Samardo Samuels,2013,109,0.6,0.3810397287437964,extreme
1555,smithno01,Nolan Smith,2013,84,-0.8,0.2737652119220356,extreme
1558,summeda01,DaJuan Summers,2013,83,-0.0999999999999999,0.2813797430601888,extreme
1561,waltolu01,Luke Walton,2013,564,13.6,2.136900501828979,extreme
1562,warriha01,Hakim Warrick,2013,526,20.4,2.114441661456753,extreme
1563,whiteja02,James White,2013,67,0.8,0.2410075168611909,extreme
1565,willite01,Terrence Williams,2013,153,-0.3,0.5168665003973397,extreme
1567,youngsa01,Sam Young,2013,249,5.2,0.9307534008984136,extreme
1573,azubuke01,Kelenna Azubuike,2012,208,9.3,0.8555476030237753,extreme
1574,balkmre01,Renaldo Balkman,2012,221,7.1,0.8652201155506184,extreme
1581,brockjo01,Jon Brockman,2012,150,3.7,0.5696313539185498,extreme
1582,brownde04,Derrick Brown,2012,171,4.6,0.6553954913559156,extreme
1584,cardibr01,Brian Cardinal,2012,456,15.4,1.7970651406043048,extreme
1585,cartean01,Anthony Carter,2012,623,10.5,2.289217968091778,extreme
1586,cookbr01,Brian Cook,2012,421,10.1,1.5942823918569893,extreme
1589,davisjo02,Josh Davis,2012,67,0.8,0.2410075171254216,extreme
1591,dioguik01,Ike Diogu,2012,225,6.5,0.8694076602893444,extreme
1593,elsonfr01,Francisco Elson,2012,472,11.8,1.7949176817639323,extreme
1595,erdense01,Semih Erden,2012,69,1.7999999999999998,0.2635737304396664,extreme
1596,evansma01,Maurice Evans,2012,562,21.8,2.259216178542745,extreme
1598,fernaru01,Rudy Fernández,2012,249,14.1,1.070910881477605,extreme
1599,fesenky01,Kyrylo Fesenko,2012,135,0.8999999999999999,0.4744005020932097,extreme
1600,flynnjo01,Jonny Flynn,2012,163,-1.1,0.5383589845556292,extreme
1602,forbega01,Gary Forbes,2012,111,1.7000000000000002,0.4051807454718783,extreme
1603,fordtj01,T.J. Ford,2012,429,16.9,1.728641733302945,extreme
1606,gadzuda01,Dan Gadzuric,2012,527,15.9,2.046984610897791,extreme
1607,gainesu01,Sundiata Gaines,2012,113,1.4,0.4072745178412413,extreme
1609,greendo01,Donté Greene,2012,253,1.6,0.8876968514131811,extreme
1610,haranlu01,Luke Harangody,2012,70,0.8,0.2512347898526944,extreme
1614,jianlyi01,Yi Jianlian,2012,272,3.1000000000000005,0.9760916259300028,extreme
1619,kaponja01,Jason Kapono,2012,509,10.3,1.8974319981562016,extreme
1626,moonja01,Jamario Moon,2012,286,14.3,1.200196851413181,extreme
1627,mooremi01,Mikki Moore,2012,564,22.6,2.278632785557777,extreme
1629,nocioan01,Andrés Nocioni,2012,514,21.8,2.095579814906381,extreme
1632,parkean01,Anthony Parker,2012,494,24.5,2.0699176817639326,extreme
1636,scalabr01,Brian Scalabrine,2012,520,7.500000000000001,1.8908375099672257,extreme
1637,simmobo01,Bobby Simmons,2012,466,20.2,1.9067466008763163,extreme
1638,singlja01,James Singleton,2012,243,8.1,0.9559681470466816,extreme
1640,smithcr01,Craig Smith,2012,403,16.0,1.6258321413201244,extreme
1645,uzohbe01,Ben Uzoh,2012,60,0.7,0.2155690776121789,extreme
1646,wafervo01,Von Wafer,2012,200,3.3,0.7337866867746702,extreme
1649,westde01,Delonte West,2012,432,24.4,1.85697924225069,extreme
1651,willise01,Sean Williams,2012,137,3.0,0.5142895500531239,extreme
1652,willish02,Shelden Williams,2012,361,9.9,1.3865873310123222,extreme
1653,agerma01,Maurice Ager,2011,82,-1.0,0.2637974244255461,extreme
1654,allenma01,Malik Allen,2011,478,6.800000000000001,1.7366320700948372,extreme
1655,anderda03,David Andersen,2011,103,1.6,0.3763332154062189,extreme
1656,arroyca01,Carlos Arroyo,2011,569,20.1,2.256308161719748,extreme
1657,banksma01,Marcus Banks,2011,348,6.6000000000000005,1.2903006456138066,extreme
1658,bellch01,Charlie Bell,2011,376,12.5,1.4786685768951238,extreme
1660,carnero01,Rodney Carney,2011,299,6.2,1.1169559784699268,extreme
1661,collija03,Jarron Collins,2011,542,15.7,2.0949713685916165,extreme
1666,duprero01,Ronald Dupree,2011,157,1.9,0.565148533945947,extreme
1668,grahajo01,Joey Graham,2011,377,7.9,1.4096367229223248,extreme
1669,grahast01,Stephen Graham,2011,239,1.6,0.8399695790425825,extreme
1670,greenor01,Orien Greene,2011,131,-0.7,0.4355672884198194,extreme
1671,headlu01,Luther Head,2011,348,14.8,1.4194345038815233,extreme
1674,mbengdj01,D.J. Mbenga,2011,234,2.4000000000000004,0.8355225496939784,extreme
1675,jacksda01,Darnell Jackson,2011,138,1.2,0.4893521846259755,extreme
1676,jetereu01,Eugene Jeter,2011,62,0.7,0.222387259787035,extreme
1677,krstine01,Nenad Krstić,2011,419,21.5,1.7669917694506,extreme
1678,lawac01,Acie Law,2011,188,1.6,0.6661059426789462,extreme
1680,marksse01,Sean Marks,2011,230,2.6999999999999997,0.8266105955064337,extreme
1682,mensapo01,Pops Mensah-Bonsu,2011,61,0.3,0.2126789562795188,extreme
1685,obertfa01,Fabricio Oberto,2011,336,13.599999999999998,1.3596277751771566,extreme
1688,powele01,Leon Powe,2011,239,12.0,1.0037491066016375,extreme
1691,rossqu01,Quinton Ross,2011,458,7.7,1.682623480259476,extreme
1694,songada01,Darius Songaila,2011,495,15.9,1.937893702163556,extreme
1697,tayloje02,Jermaine Taylor,2011,65,0.2,0.2247405167662762,extreme
1698,thomaet01,Etan Thomas,2011,409,14.7,1.6258142461864624,extreme
1699,thornal01,Al Thornton,2011,296,6.200000000000001,1.1067287057426545,extreme
1700,udokaim01,Ime Udoka,2011,316,8.8,1.215855405814236,extreme
1702,weaveky01,Kyle Weaver,2011,73,1.5,0.2724856849838853,extreme
1703,westma02,Mario West,2011,162,1.4,0.57431997274337,extreme
1705,willija04,Jawad Williams,2011,90,0.6000000000000001,0.3162670020919741,extreme
1706,wrighan01,Antoine Wright,2011,297,3.0999999999999996,1.0613188990139495,extreme
1707,wrighju01,Julian Wright,2011,231,3.9,0.8489173242108001,extreme
1708,alexajo01,Joe Alexander,2010,67,0.4,0.2347083053651304,extreme
1712,bendejo01,Jonathan Bender,2010,262,3.9,0.954599142874078,extreme
1713,boonejo01,Josh Boone,2010,256,9.0,1.014459558049454,extreme
1714,bowenry01,Ryan Bowen,2010,507,12.6,1.926834289617099,extreme
1715,brezepr01,Primož Brezec,2010,342,10.9,1.3375626360737918,extreme
1716,brownde02,Devin Brown,2010,465,13.1,1.7915264871833123,extreme
1717,collima01,Mardy Collins,2010,189,-1.6,0.6191213332820954,extreme
1719,davispa01,Paul Davis,2010,82,0.4,0.285844669001494,extreme
1721,diawaya01,Yakhouba Diawara,2010,187,1.6,0.662696852251315,extreme
1722,dienetr01,Travis Diener,2010,179,5.7,0.6999910541124461,extreme
1728,hairsma01,Malik Hairston,2010,62,0.7999999999999999,0.223962063418101,extreme
1729,haislma01,Marcus Haislip,2010,89,0.5,0.3112831085147367,extreme
1730,hartja01,Jason Hart,2010,341,8.700000000000001,1.2995078758733625,extreme
1732,hayesja01,Jarvis Hayes,2010,427,10.2,1.6163117412992751,extreme
1733,huntech01,Chris Hunter,2010,60,1.3,0.2250178973479507,extreme
1736,huntest01,Steven Hunter,2010,400,10.6,1.5305654993522455,extreme
1741,jonesdw02,Dwayne Jones,2010,82,1.4,0.301592700497557,extreme
1746,mayse01,Sean May,2010,119,2.6,0.4466267019291963,extreme
1747,morrira01,Randolph Morris,2010,74,-2.7755575615628914e-17,0.2522727291303415,extreme
1748,morriad01,Adam Morrison,2010,161,-1.5,0.5252415909771562,extreme
1749,murraro01,Ronald Murray,2010,487,8.4,1.792510739151816,extreme
1751,obryapa01,Patrick O'Bryant,2010,90,0.5,0.3146921994238276,extreme
1753,pecheol01,Oleksiy Pecherov,2010,111,0.6,0.387857911664343,extreme
1754,richach01,Chris Richard,2010,70,0.7,0.249659987541222,extreme
1755,rushka01,Kareem Rush,2010,346,1.7999999999999998,1.2078919130959822,extreme
1759,ukicro01,Roko Ukić,2010,85,-0.2,0.2866231228311289,extreme
1760,wilksmi01,Mike Wilks,2010,233,2.5,0.8336882624159536,extreme
1761,willima03,Marcus Williams,2010,203,0.0,0.6920454564030688,extreme
1763,adamsha01,Hassan Adams,2009,73,0.8,0.2614620640680038,extreme
1765,bastoma01,Maceo Baston,2009,105,2.3,0.3941750204030073,extreme
1767,boothca01,Calvin Booth,2009,366,8.1,1.3752863303529002,extreme
1769,brownan01,Andre Brown,2009,75,0.3,0.2604062301381541,extreme
1770,brownde03,Dee Brown,2009,68,0.1,0.2333929874753051,extreme
1771,buckngr01,Greg Buckner,2009,570,20.7,2.269166072657839,extreme
1772,claxtsp01,Speedy Claxton,2009,334,14.2,1.3622584133879754,extreme
1774,crittja01,Javaris Crittenton,2009,113,0.1,0.386802078384396,extreme
1777,dixonju01,Juan Dixon,2009,436,6.299999999999999,1.58557623729635,extreme
1778,doubyqu01,Quincy Douby,2009,143,0.0,0.487500002507517,extreme
1782,gilled01,Eddie Gill,2009,187,1.9,0.6674212623500367,extreme
1784,herrmwa01,Walter Herrmann,2009,152,4.1,0.5827487498231936,extreme
1787,jamesje01,Jerome James,2009,358,2.8999999999999995,1.266123839300645,extreme
1788,jaricma01,Marko Jarić,2009,447,12.0,1.7128400168239093,extreme
1790,johnsli01,Linton Johnson,2009,151,2.6999999999999997,0.5572924148196144,extreme
1792,jonesfr01,Fred Jones,2009,430,16.4,1.7241768099520411,extreme
1793,kinseta01,Tarence Kinsey,2009,109,1.5,0.3952129588425205,extreme
1796,luety01,Tyronn Lue,2009,554,19.6,2.1972977834667153,extreme
1797,madsema01,Mark Madsen,2009,453,8.2,1.6734520425934154,extreme
1800,mccanra01,Rashad McCants,2009,249,3.5999999999999996,0.9055565522569802,extreme
1801,mihmch01,Chris Mihm,2009,436,13.5,1.6989620640680037,extreme
1802,milesda01,Darius Miles,2009,446,9.5,1.670060847174661,extreme
1807,pruitga01,Gabe Pruitt,2009,62,0.5,0.2192376546191848,extreme
1809,roberan02,Anthony Roberson,2009,65,0.5,0.2294649273464576,extreme
1811,ruffimi01,Michael Ruffin,2009,414,6.7,1.5168754498947752,extreme
1815,simmoce01,Cedric Simmons,2009,75,0.0999999999999999,0.2572566238389415,extreme
1818,solomwi01,Will Solomon,2009,115,0.0,0.3920454570529715,extreme
1819,swiftro01,Robert Swift,2009,97,1.6,0.355878671083036,extreme
1820,swiftst01,Stromile Swift,2009,547,21.4,2.201780603795992,extreme
1824,voskuja01,Jake Voskuhl,2009,450,11.7,1.718342880102363,extreme
1833,barrean01,Andre Barrett,2008,67,0.3,0.2331335037427037,extreme
1837,dickada01,Dan Dickau,2008,300,5.8,1.114065858789232,extreme
1839,doleami01,Michael Doleac,2008,587,12.7,2.2011363670211574,extreme
1841,frahmri01,Richie Frahm,2008,140,2.8,0.5213672188464976,extreme
1843,garbajo01,Jorge Garbajosa,2008,74,3.1,0.3010916282953165,extreme
1844,garripa01,Pat Garrity,2008,552,18.700000000000003,2.1763063741793536,extreme
1845,giricgo01,Gordan Giriček,2008,384,8.0,1.4350751644442068,extreme
1847,griffad01,Adrian Griffin,2008,477,16.3,1.8828292804069848,extreme
1850,harrida01,David Harrison,2008,189,3.0999999999999996,0.6931370828407711,extreme
1852,hudsotr01,Troy Hudson,2008,517,10.6,1.9294291372430616,extreme
1853,jackslu02,Luke Jackson,2008,73,0.2,0.2520132460476429,extreme
1854,jacobca01,Casey Jacobsen,2008,287,6.2,1.0760468895694753,extreme
1855,johnsal01,Alexander Johnson,2008,102,1.5,0.3713493233561611,extreme
1856,johnsde03,DerMarr Johnson,2008,344,6.400000000000001,1.2735146776868698,extreme
1857,jonesbo02,Bobby Jones,2008,91,1.1,0.327550110757736,extreme
1859,khryavi01,Viktor Khryapa,2008,143,2.0,0.51899606637692,extreme
1863,martida01,Darrick Martin,2008,514,9.6,1.903453833019726,extreme
1864,mccoyje01,Jelani McCoy,2008,260,5.1,0.9666786003783516,extreme
1867,nachbbo01,Boštjan Nachbar,2008,317,8.8,1.2192644987319663,extreme
1868,navarju01,Juan Carlos Navarro,2008,82,1.4,0.3015927020247367,extreme
1869,newblir01,Ira Newble,2008,380,9.3,1.4419112417527251,extreme
1872,parkesm01,Smush Parker,2008,274,7.5,1.0522011486961755,extreme
1876,pollasc01,Scot Pollard,2008,506,26.5,2.142322838030463,extreme
1879,snydeki01,Kirk Snyder,2008,211,4.5,0.7901843269352593,extreme
1880,storeaw01,Awvee Storey,2008,60,0.3,0.2092698673790674,extreme
1882,stoudsa01,Salim Stoudamire,2008,157,2.3,0.5714477485530116,extreme
1892,woodslo01,Loren Woods,2008,215,3.1999999999999997,0.7833482496267411,extreme
1893,araujra01,Rafael Araújo,2007,139,-0.4000000000000001,0.4675644283342051,extreme
1894,batises01,Esteban Batista,2007,70,0.3,0.2433607776541764,extreme
1897,burkepa01,Pat Burke,2007,127,-0.0999999999999999,0.431379746873933,extreme
1898,butleja01,Jackie Butler,2007,69,1.4,0.2572745213907548,extreme
1899,catoke01,Kelvin Cato,2007,541,28.6,2.2947118871745777,extreme
1902,ewingda01,Daniel Ewing,2007,127,0.8,0.4455529752203897,extreme
1903,fortsda01,Danny Fortson,2007,440,22.4,1.8527559100808049,extreme
1907,griffed01,Eddie Griffin,2007,303,10.8,1.2030332901810197,extreme
1909,harriju01,Junior Harrington,2007,140,-0.9,0.4630995034952644,extreme
1914,jacksma02,Marc Jackson,2007,387,13.0,1.5240425958359944,extreme
1915,jasiksa01,Šarūnas Jasikevičius,2007,138,4.4,0.5397458886062165,extreme
1916,jonesju01,Jumaine Jones,2007,471,15.1,1.8434770983413633,extreme
1919,livinra01,Randy Livingston,2007,203,2.4,0.7298407347049997,extreme
1922,marshra01,Rawle Marshall,2007,63,0.2,0.2179223381409338,extreme
1926,mcleoke01,Keith McLeod,2007,200,1.9,0.7117394462296955,extreme
1927,medvest01,Stanislav Medvedenko,2007,263,6.0,0.9910791026362812,extreme
1928,noelda01,David Noel,2007,68,0.4,0.2381173989856009,extreme
1929,olowomi01,Michael Olowokandi,2007,500,2.5,1.7439155378546056,extreme
1930,padgesc01,Scott Padgett,2007,448,13.1,1.7335719444401465,extreme
1936,reedju01,Justin Reed,2007,136,0.5,0.471510383953389,extreme
1938,roberla01,Lawrence Roberts,2007,87,2.5,0.3359609924000604,extreme
1939,robinbe01,Bernard Robinson,2007,128,2.1,0.4694345070743625,extreme
1942,sampsja01,Jamal Sampson,2007,72,1.3,0.2659269909684212,extreme
1947,sowpa01,Pape Sow,2007,76,0.8999999999999999,0.2732641420063597,extreme
1949,sweetmi01,Mike Sweetney,2007,233,7.699999999999999,0.9155780289068608,extreme
1950,taylodo01,Donell Taylor,2007,98,0.0,0.3340909136599029,extreme
1951,tayloma01,Maurice Taylor,2007,534,9.9,1.9763600618345627,extreme
1953,tsakaja01,Jake Tsakalidis,2007,315,9.9,1.2297691527436536,extreme
1954,wagneda02,Dajuan Wagner,2007,103,-5.551115123125783e-17,0.3511363682053575,extreme
1956,willial02,Alvin Williams,2007,460,21.5,1.9067644999161664,extreme
1958,willish01,Shammond Williams,2007,325,8.899999999999999,1.2481120303384998,extreme
1968,baxtelo01,Lonny Baxter,2006,162,2.9,0.5979420247788066,extreme
1969,bradlmi01,Michael Bradley,2006,173,1.9,0.6196939932827437,extreme
1970,brunsri01,Rick Brunson,2006,337,3.499999999999999,1.2039817527673535,extreme
1971,burksan01,Antonio Burks,2006,81,0.0999999999999999,0.2777111729534666,extreme
1973,cabarza01,Žarko Čabarkapa,2006,150,1.2000000000000002,0.5302612803264087,extreme
1975,cleavma01,Mateen Cleaves,2006,167,-0.7999999999999999,0.5567197627888282,extreme
1977,delkto01,Tony Delk,2006,545,19.6,2.166615968944877,extreme
1978,edwarjo01,John Edwards,2006,65,0.1,0.223165718408012,extreme
1982,fizerma01,Marcus Fizer,2006,289,2.7,1.0277469639341397,extreme
1985,gainere01,Reece Gaines,2006,71,-0.6,0.2325966418153134,extreme
1986,goldwan01,Anthony Goldwire,2006,266,6.5,1.009180392710088,extreme
1990,hamilze01,Zendon Hamilton,2006,134,3.1,0.5056370856234738,extreme
1992,jacksje01,Jermaine Jackson,2006,135,1.0000000000000002,0.4759753103908324,extreme
1995,kasunma01,Mario Kasun,2006,73,0.8999999999999999,0.2630368708775897,extreme
1997,lampema01,Maciej Lampe,2006,64,-0.2,0.2150322180501022,extreme
2000,mccarwa01,Walter McCarty,2006,593,13.8,2.238913749904075,extreme
2003,morrite01,Terence Morris,2006,139,1.0,0.489611674027196,extreme
2006,nailole01,Lee Nailon,2006,306,8.1,1.170740879467425,extreme
2007,norrimo01,Moochie Norris,2006,445,10.000000000000002,1.674525775673581,extreme
2009,palacmi01,Milt Palacio,2006,470,3.9,1.6636900562748698,extreme
2010,planizo01,Zoran Planinić,2006,148,1.6,0.529742311106652,extreme
2012,profila01,Laron Profit,2006,135,0.7,0.4712509009420135,extreme
2013,rebraze01,Željko Rebrača,2006,215,8.2,0.8620884098897588,extreme
2018,smithch04,Charles Smith,2006,142,1.4999999999999998,0.5077129625025002,extreme
2019,smithdo04,Donta Smith,2006,61,0.5,0.2158285673700736,extreme
2022,thomajo02,John Thomas,2006,208,3.1999999999999997,0.7594846160458074,extreme
2023,tskitni01,Nikoloz Tskitishvili,2006,172,-1.6,0.5611667921374323,extreme
2026,vromaja01,Jackson Vroman,2006,87,0.0,0.2965909152584057,extreme
2027,walkesa01,Samaki Walker,2006,445,14.4,1.7438171142562582,extreme
2029,welscji01,Jiří Welsch,2006,247,5.699999999999999,0.9318092402405104,extreme
2031,woodsqy01,Qyntel Woods,2006,167,1.3,0.5897906289305604,extreme
2033,alexaco01,Cory Alexander,2005,307,3.0000000000000004,1.0938350119043478,extreme
2038,borchcu01,Curtis Borchardt,2005,83,0.9,0.2971277821262518,extreme
2043,brownke01,Kedrick Brown,2005,143,3.0,0.5347441028134386,extreme
2044,brownti01,Tierre Brown,2005,134,-0.3999999999999999,0.4505189775450063,extreme
2045,buforro01,Rodney Buford,2005,230,2.8000000000000003,0.8281854056051352,extreme
2050,collija02,Jason Collier,2005,151,1.9,0.5446939954404967,extreme
2056,drobnpr01,Predrag Drobnjak,2005,278,5.699999999999999,1.0374910605800816,extreme
2059,ekeziob01,Obinna Ekezie,2005,143,1.7999999999999998,0.5158464650181631,extreme
2061,fowlktr01,Tremaine Fowlkes,2005,103,2.1,0.3842072381033456,extreme
2062,fundela01,Lawrence Funderburke,2005,318,13.0,1.2888153268649778,extreme
2065,glovedi01,Dion Glover,2005,294,5.9,1.0951861214247487,extreme
2067,hamda01,Darvin Ham,2005,417,5.6,1.5097798937941116,extreme
2070,harvedo01,Donnell Harvey,2005,205,4.8,0.7744541958699884,extreme
2071,hoibefr01,Fred Hoiberg,2005,541,27.600000000000005,2.2789638594347705,extreme
2073,humphry01,Ryan Humphrey,2005,85,-0.4,0.2834735229995518,extreme
2074,huntebr01,Brandon Hunter,2005,67,0.8,0.241007524431191,extreme
2082,lopezra01,Raül López,2005,113,2.0999999999999996,0.4182981471942547,extreme
2085,mercero01,Ron Mercer,2005,432,9.4,1.6207587771155143,extreme
2086,millean01,Anthony Miller,2005,181,3.6999999999999993,0.6753131794061372,extreme
2088,moisoje01,Jérôme Moïso,2005,145,2.1,0.5273890562851637,extreme
2089,ndiayma02,Mamadou N'Diaye,2005,69,1.9,0.2651485408950421,extreme
2093,popema01,Mark Pope,2005,153,1.2,0.5404885552114344,extreme
2098,santida01,Daniel Santiago,2005,122,1.7999999999999998,0.4442555559272541,extreme
2099,sesayan01,Ansu Sesay,2005,127,1.4,0.4550017978742833,extreme
2101,slayta01,Tamar Slay,2005,66,-0.3,0.2202755988764308,extreme
2102,smithja01,Jabari Smith,2005,108,1.4,0.3902290706015561,extreme
2106,stewami01,Michael Stewart,2005,286,4.6,1.0474409532071396,extreme
2107,stricer01,Erick Strickland,2005,501,13.4,1.9189781758270392,extreme
2109,sundobr01,Bruno Šundov,2005,102,-0.7,0.3367036590052783,extreme
2112,traylro01,Robert Traylor,2005,438,13.3,1.7026306454047058,extreme
2115,whiteja01,Jahidi White,2005,334,10.5,1.303990702670275,extreme
2116,whitero02,Rodney White,2005,218,1.7,0.7699534800503749,extreme
2117,willifr02,Frank Williams,2005,86,-2.7755575615628914e-17,0.2931818265070678,extreme
2120,zhizhwa01,Wang Zhizhi,2005,137,2.0,0.4985415258628302,extreme
2122,armstbr01,Brandon Armstrong,2004,108,-0.6000000000000001,0.358733010522092,extreme
2129,bremejr01,J.R. Bremer,2004,100,2.5,0.38027918088716,extreme
2130,butlemi02,Mitchell Butler,2004,362,3.0000000000000004,1.2813350148170095,extreme
2132,clarkke01,Keon Clark,2004,353,18.1,1.4884484722257427,extreme
2134,crawfch01,Chris Crawford,2004,252,6.4,0.959878321903624,extreme
2136,dialde01,Derrick Dial,2004,82,0.7000000000000001,0.2905690878306103,extreme
2137,drewbr01,Bryce Drew,2004,243,2.3000000000000003,0.8646295745879474,extreme
2139,fordal02,Alton Ford,2004,73,0.8,0.2614620727983984,extreme
2148,jeffech01,Chris Jefferies,2004,72,-0.5,0.2375805409444256,extreme
2150,jonespo01,Popeye Jones,2004,535,22.000000000000004,2.170320340514934,extreme
2152,langhda01,Dan Langhi,2004,133,0.2,0.4565587084462152,extreme
2153,larueru01,Rusty LaRue,2004,98,0.5,0.3419649360768522,extreme
2154,lewisqu01,Quincy Lewis,2004,159,0.7,0.5530690878306103,extreme
2157,mccasam01,Amal McCaskill,2004,114,0.3999999999999999,0.3949355874727004,extreme
2158,milleol01,Oliver Miller,2004,493,21.3,2.0161149002858716,extreme
2161,overtdo01,Doug Overton,2004,499,2.5,1.7405064536144328,extreme
2162,packro01,Robert Pack,2004,552,14.3,2.107015043449794,extreme
2163,parksch02,Cherokee Parks,2004,472,11.7,1.7933428888327576,extreme
2168,robined01,Eddie Robinson,2004,278,10.2,1.108357205225027,extreme
2171,stepavl01,Vladimir Stepania,2004,270,5.200000000000001,1.0023443204719846,extreme
2172,trentga01,Gary Trent,2004,506,23.4,2.0935039482457856,extreme
2176,wallajo01,John Wallace,2004,381,6.4,1.399651049176351,extreme
2178,abdulta01,Tariq Abdul-Wahad,2003,236,3.4,0.8580887768016626,extreme
2179,alexaco02,Courtney Alexander,2003,187,4.1000000000000005,0.7020669443034523,extreme
2180,amaecjo01,John Amaechi,2003,294,0.4,1.0085719550407464,extreme
2181,bagarda01,Dalibor Bagarić,2003,95,-0.8999999999999999,0.3096904231867737,extreme
2182,batismi01,Mike Batiste,2003,75,0.8,0.2682802585482626,extreme
2183,benjaco01,Corey Benjamin,2003,153,-0.8999999999999999,0.5074176959140463,extreme
2186,caffeja01,Jason Caffey,2003,462,13.5,1.7875984403664444,extreme
2187,childch01,Chris Childs,2003,541,23.0,2.2065229213972244,extreme
2188,crottjo01,John Crotty,2003,477,12.1,1.81668755990832,extreme
2189,davisem01,Emanual Davis,2003,226,2.4999999999999996,0.809824639364297,extreme
2190,dickemi01,Michael Dickerson,2003,212,9.5,0.8723335871094653,extreme
2193,eschmev01,Evan Eschmeyer,2003,153,3.9,0.5830082470951488,extreme
2197,guytoaj01,A.J. Guyton,2003,80,0.3,0.2774516973456856,extreme
2200,harvean01,Antonio Harvey,2003,187,0.4000000000000001,0.6437992277680192,extreme
2202,hawkiju01,Juaquin Hawkins,2003,58,0.4,0.2040265004952919,extreme
2208,knightr01,Travis Knight,2003,371,7.8,1.3876073881116124,extreme
2209,longar01,Art Long,2003,98,1.0,0.3498389557565661,extreme
2211,maccuto01,Todd MacCulloch,2003,223,12.0,0.9492036658496228,extreme
2213,malonma01,Matt Maloney,2003,295,9.5,1.1552881325640103,extreme
2215,marshdo02,Donny Marshall,2003,119,0.8,0.4182802585482626,extreme
2220,oyedeol01,Olumide Oyedeji,2003,93,1.1,0.3343683043607179,extreme
2221,postela01,Lavor Postell,2003,61,-0.3,0.2032301511753206,extreme
2223,reiddo01,Don Reid,2003,403,13.6,1.5880368798796871,extreme
2231,sasseje01,Jeryl Sasser,2003,82,0.7000000000000001,0.2905690917622927,extreme
2232,satteke01,Kenny Satterfield,2003,75,-1.2,0.2367841955561366,extreme
2235,slatere01,Reggie Slater,2003,259,5.2,0.9648443244036672,extreme
2237,stricma01,Mark Strickland,2003,281,7.1000000000000005,1.0697655842461868,extreme
2238,torreos01,Óscar Torres,2003,82,1.1,0.2968683043607178,extreme
2240,willija03,Jay Williams,2003,75,0.8,0.2682802585482626,extreme
2241,willimo01,Monty Williams,2003,456,11.500000000000002,1.735647831919773,extreme
2244,yarbrvi01,Vincent Yarbrough,2003,59,1.0,0.2168844103020206,extreme
2245,alexavi01,Victor Alexander,2002,286,8.8,1.1135826976421643,extreme
2248,austiis01,Isaac Austin,2002,432,9.1,1.616034379818256,extreme
2249,averywi01,William Avery,2002,142,-0.9,0.4699177012212625,extreme
2252,bowdlca01,Cal Bowdler,2002,142,1.7,0.5108625831110263,extreme
2261,cummivo01,Vonteego Cummings,2002,199,2.1,0.7114799775276333,extreme
2267,garrede01,Dean Garrett,2002,359,14.1,1.4459109009349345,extreme
2272,hendece02,Cedric Henderson,2002,260,3.4,0.9399069639270606,extreme
2273,jacksja01,Jaren Jackson,2002,431,11.5,1.6504205644997163,extreme
2277,langdtr01,Trajan Langdon,2002,119,2.9,0.451351129997211,extreme
2278,lopezfe01,Felipe López,2002,249,3.0999999999999996,0.8976825544782417,extreme
2279,macksa01,Sam Mack,2002,259,7.3,0.9979151958526156,extreme
2284,montrer01,Eric Montross,2002,465,8.6,1.7206603640702245,extreme
2285,mottoha01,Hanno Möttölä,2002,155,0.9,0.5425823397323578,extreme
2286,nesbyty01,Tyrone Nesby,2002,255,7.6,0.9890032416650708,extreme
2289,penbemi01,Mike Penberthy,2002,56,1.7000000000000002,0.2176807649292081,extreme
2290,perryel01,Elliot Perry,2002,549,14.000000000000002,2.092063370512601,extreme
2292,pricebr01,Brent Price,2002,418,12.1,1.6155512015791722,extreme
2293,recasel01,Eldridge Recasner,2002,296,8.9,1.1492484098826796,extreme
2296,rideris01,Isaiah Rider,2002,563,22.899999999999995,2.2799481235548344,extreme
2297,robinla01,Larry Robinson,2002,89,0.9,0.3175823397323577,extreme
2298,rogerca01,Carlos Rogers,2002,298,11.0,1.1891374578425935,extreme
2299,scottsh01,Shawnelle Scott,2002,105,1.3,0.3784270068762374,extreme
2300,simpkdi01,Dickey Simpkins,2002,327,4.800000000000001,1.1903632989306396,extreme
2306,benoida01,David Benoit,2001,492,16.7,1.9402648808977816,extreme
2309,burresc01,Scott Burrell,2001,383,16.4,1.5639495623580535,extreme
2310,carrch01,Chris Carr,2001,297,3.9,1.0739173504754482,extreme
2311,causwdu01,Duane Causwell,2001,541,15.8,2.0931371070967795,extreme
2316,curlebi01,Bill Curley,2001,147,1.6,0.5263332416708669,extreme
2317,davidko01,Kornél Dávid,2001,109,2.4,0.4093862123222627,extreme
2318,daviste01,Terry Davis,2001,480,12.1,1.826914845106801,extreme
2319,dayto01,Todd Day,2001,483,17.5,1.9221814879128136,extreme
2321,edneyty01,Tyus Edney,2001,226,6.699999999999999,0.8759663841189701,extreme
2322,edwarke01,Kevin Edwards,2001,604,12.6,2.2575161335821052,extreme
2326,ellispe01,Pervis Ellison,2001,474,21.9,1.960791008313673,extreme
2327,feickja01,Jamie Feick,2001,201,8.299999999999999,0.8159359617853981,extreme
2328,fulleto02,Todd Fuller,2001,225,2.2,0.8016911514775956,extreme
2331,grantga01,Gary Grant,2001,552,12.1,2.0723693905613465,extreme
2336,hawkimi01,Michael Hawkins,2001,75,0.2,0.2588314521218333,extreme
2337,herrech01,Chris Herren,2001,70,0.5,0.2465104070251976,extreme
2338,jacobsa01,Sam Jacobson,2001,68,1.1,0.2491410441046536,extreme
2344,kingge02,Gerard King,2001,126,3.0,0.476789576674446,extreme
2345,longllu01,Luc Longley,2001,567,17.5,2.2085451242764504,extreme
2346,macledo01,Don MacLean,2001,319,9.3,1.2339567205541884,extreme
2349,mcilvji01,Jim McIlvaine,2001,401,9.4,1.515076978249249,extreme
2350,mcleoro01,Roshown McLeod,2001,113,0.3,0.3899517098168941,extreme
2351,mcphepa01,Paul McPherson,2001,55,0.9,0.2016732559872592,extreme
2359,reevebr01,Bryant Reeves,2001,395,13.0,1.5513153461805305,extreme
2363,robinja02,James Robinson,2001,381,5.7,1.3886274435319976,extreme
2365,smithmi02,Michael Smith,2001,449,23.5,1.9007605859801011,extreme
2367,smithto02,Tony Smith,2001,457,6.7,1.66346638411897,extreme
2368,stronde01,Derek Strong,2001,456,18.5,1.8458840648634225,extreme
2369,tabakza01,Žan Tabak,2001,247,2.4000000000000004,0.8798407577768081,extreme
2377,anstech01,Chris Anstey,2000,155,2.8,0.572503616409248,extreme
2379,aventan01,Anthony Avent,2000,352,0.4000000000000002,1.206299249909606,extreme
2380,baileto01,Toby Bailey,2000,73,1.0,0.26461170517088,extreme
2382,barrydr01,Drew Barry,2000,60,0.6000000000000001,0.213994310754273,extreme
2384,bennema01,Mario Bennett,2000,68,1.9,0.2617394789718822,extreme
2392,chilcpe01,Pete Chilcutt,2000,584,10.7,2.159413065228146,extreme
2393,closske01,Keith Closs,2000,130,1.9,0.4731031153355186,extreme
2394,conloma01,Marty Conlon,2000,379,8.9,1.432202972171596,extreme
2397,davisma02,Mark Davis,2000,230,2.1999999999999997,0.8187366156934284,extreme
2399,farmeto01,Tony Farmer,2000,101,3.3,0.3962867230663703,extreme
2404,hendrma01,Mark Hendrickson,2000,114,2.1,0.4217072670892766,extreme
2411,jonesch03,Charles Jones,2000,85,0.0,0.289772764583908,extreme
2412,jordare01,Reggie Jordan,2000,186,3.0999999999999996,0.6829098440398851,extreme
2415,langan02,Antonio Lang,2000,143,1.6,0.5126968877048815,extreme
2416,legleti01,Tim Legler,2000,310,12.0,1.2457945970821187,extreme
2418,murdoer01,Eric Murdock,2000,508,25.6,2.1349678254285753,extreme
2419,muresgh01,Gheorghe Mureșan,2000,307,18.9,1.3442287416776806,extreme
2422,phillbo01,Bobby Phills,2000,467,27.09999999999999,2.018817145399942,extreme
2423,reevekh01,Khalid Reeves,2000,277,8.4,1.0766016836962915,extreme
2424,rhodero01,Rodrick Rhodes,2000,72,-1.7,0.218682929222419,extreme
2425,roberst01,Stanley Roberts,2000,300,8.1,1.1502863651565638,extreme
2428,rogerro02,Roy Rogers,2000,137,1.7,0.4938171453999423,extreme
2431,sealyma01,Malik Sealy,2000,493,17.1,1.949973194075676,extreme
2439,waltere01,Rex Walters,2000,335,6.500000000000001,1.2444076965810449,extreme
2442,willilo01,Lorenzo Williams,2000,253,7.3,0.9774606672324404,extreme
2444,workmha01,Haywoode Workman,2000,359,10.7,1.392367610682691,extreme
